title	DOI	url	issns	journal	authors	issns1	issns2	published_on	last_updated	cited_by_fbwalls_count	cited_by_feeds_count	cited_by_gplus_count	cited_by_msm_count	cited_by_posts_count	cited_by_rdts_count	cited_by_tweeters_count	cited_by_videos_count	cited_by_accounts_count	cited_by_patents_count	mendeley	altmetric_score	is_oa	author.names	issn	citations	CiteScore	SJR	WebQualis	created	deposited	published.print	doi	indexed	issued	member	page	prefix	publisher	score	source	reference.count	references.count	is.referenced.by.count	type	volume	language	short.container.title	published.online	issue	update.policy	subtitle	archive_	na.
A geographical study on amyotrophic lateral sclerosis in Rio Grande Do Norte, Brazil, from 2005 to 2018	10.1080/21678421.2022.2102429	http://dx.doi.org/10.1080/21678421.2022.2102429	2167-8421	Amyotrophic Lateral Sclerosis and Frontotemporal Degeneration	Roberto Teodoro Gurgel De Oliveira			2022	1659514742	0	0	0	0	1	0	1	0	1	0	10	1	FALSE	Roberto Teodoro Gurgel De Oliveira, Glauciane Costa Santana, Maria De Jesus Gonçalves, Guilherme Augusto De Freitas Fregonezi, Sancha Helena De Lima Vale, Lucia Leite-Lais, Mário Emílio Teixeira Dourado	2167-8421	1	5.5	1.066	A3	NA	NA	NA	NA	NA	NA	NA	NA	NA	NA	NA	NA	NA	NA	NA	NA	NA	NA	NA	NA	NA	NA	NA	NA	NA
Action observation and motor imagery have no effect on balance and freezing of gait in Parkinson’s disease: a randomized controlled trial	10.23736/s1973-9087.22.07313-0	http://dx.doi.org/10.23736/s1973-9087.22.07313-0	1973-9087	European Journal of Physical and Rehabilitation Medicine	Paula T. BEZERRA			2022	1662261243	0	0	0	0	2	0	2	0	2	0	68	1	TRUE	Paula T. BEZERRA, Lorenna M. SANTIAGO, Isaíra A. SILVA, Aline A. SOUZA, Camila L. PEGADO, Clécia M. DAMASCENA, Tatiana S. RIBEIRO, Ana R. LINDQUIST	1973-9087	4	7.3	0.955	A2	NA	NA	NA	NA	NA	NA	NA	NA	NA	NA	NA	NA	NA	NA	NA	NA	NA	NA	NA	NA	NA	NA	NA	NA	NA
Action observation for upper limb rehabilitation after stroke	10.1002/14651858.cd011887.pub3	http://dx.doi.org/10.1002/14651858.cd011887.pub3	1361-6137	Cochrane database of systematic reviews	Lorenna RDM Borges			2022	1682003680	0	1	0	0	12	0	9	0	12	0	181	17	TRUE	Lorenna RDM Borges, Aline BGS Fernandes, Jacilda Oliveira dos Passos, Isabelle Ananda Oliveira Rego, Tania F Campos	1361-6137	7	8.9	NA	A1	NA	NA	NA	NA	NA	NA	NA	NA	NA	NA	NA	NA	NA	NA	NA	NA	NA	NA	NA	NA	NA	NA	NA	NA	NA
Adaptive Algorithms as Control Strategies of Smart Upper Limb Orthosis: A Protocol for a Systematic Scoping Review	10.3389/fnins.2021.660141	http://dx.doi.org/10.3389/fnins.2021.660141	1662-4548	Frontiers in Neuroscience	Ledycnarf J. Holanda			2021	1690374295	0	0	0	0	9	0	5	0	5	0	15	3	TRUE	Ledycnarf J. Holanda, Ana Paula M. Fernandes, Júlia A. de Amorim, Aryel M. Matias, Severino P. Nunes Netto, Danilo A. P. Nagem, Ricardo A. de M. Valentim, Edgard Morya, Ana Raquel Lindquist	1662-4548	0	6.8	1.063	A3	NA	NA	NA	NA	NA	NA	NA	NA	NA	NA	NA	NA	NA	NA	NA	NA	NA	NA	NA	NA	NA	NA	NA	NA	NA
Are biomechanical strategies to perform functional activities different between individuals with subacute and chronic stroke?	10.3233/nre-210027	http://dx.doi.org/10.3233/nre-210027	1053-8135	NeuroRehabilitation	Tatiana S Ribeiro			2021	1621582155	0	0	0	0	3	0	3	0	3	0	18	2	FALSE	Tatiana S Ribeiro, Emília M G Silva, Liliane S Vasconcellos, Aline A Souza, Ana Raquel R Lindquist	1053-8135	3	3.5	0.543	A3	NA	NA	NA	NA	NA	NA	NA	NA	NA	NA	NA	NA	NA	NA	NA	NA	NA	NA	NA	NA	NA	NA	NA	NA	NA
Are neck pain, disability, and deep neck flexor performance the same for the different types of temporomandibular disorders?	10.1080/08869634.2022.2052582	http://dx.doi.org/10.1080/08869634.2022.2052582	0886-9634	CRANIO: The Journal of Craniomandibular Practice	Luiz Felipe Tavares			2022	1664881272	0	0	0	0	1	0	1	0	1	0	9	1	FALSE	Luiz Felipe Tavares, Inae Caroline Gadotti, Bruna Guimaraes Carvalho, Ana Paula Mendonça Fernandes, Jade Padilha Silva, Gustavo Augusto Seabra Barbosa, Erika Oliveira Almeida, Karyna Figueiredo Ribeiro	0886-9634	1	3.2	0.618	B1	NA	NA	NA	NA	NA	NA	NA	NA	NA	NA	NA	NA	NA	NA	NA	NA	NA	NA	NA	NA	NA	NA	NA	NA	NA
Are the EEG microstates correlated with motor and non-motor parameters in patients with Parkinson's disease?	10.1016/j.neucli.2022.102839	http://dx.doi.org/10.1016/j.neucli.2022.102839	0987-7053	Neurophysiologie Clinique/Clinical Neurophysiology	Thaísa Dias de Carvalho Costa			2023	1674960557	0	0	0	0	1	0	1	0	1	0	12	1	FALSE	Thaísa Dias de Carvalho Costa, Camila Beatriz da Silva Machado, Robson Prazeres Lemos Segundo, Joyce Poláine Dos Santos Silva, Ana Catarine Tavares Silva, Rafael de Souza Andrade, Marine Raquel Diniz Rosa, Suhaila Mahmoud Smaili, Edgard Morya, Adriana Costa-Ribeiro, Ana Raquel Rodrigues Lindquist, Suellen Marinho Andrade, Daniel Gomes da Silva Machado	0987-7053	1	4.6	0.814	A3	NA	NA	NA	NA	NA	NA	NA	NA	NA	NA	NA	NA	NA	NA	NA	NA	NA	NA	NA	NA	NA	NA	NA	NA	NA
Assessment of the Concurrent Validity of the ICF Core Set to Classify the Physical Health of Community-Dwelling Older Adults in Relation to Self-Rated Health	10.1519/jpt.0000000000000314	http://dx.doi.org/10.1519/jpt.0000000000000314	1539-8412	Journal of Geriatric Physical Therapy	Naama Samai Costa Oliveira			2021	1674247441	1	0	0	0	2	0	1	0	2	0	15	1	FALSE	Naama Samai Costa Oliveira, Isabel Oliveira Monteiro, João Afonso Ruaro, Diego de Sousa Dantas, Núbia Maria Freire Vieira Lima, Aline Braga Galvão Silveira Fernandes, Thaiza Teixeira Xavier Nobre, Saionara Maria Aires da Câmara	1539-8412	0	6.4	0.564	A1	NA	NA	NA	NA	NA	NA	NA	NA	NA	NA	NA	NA	NA	NA	NA	NA	NA	NA	NA	NA	NA	NA	NA	NA	NA
Atherosclerosis Complications in the Brazilian Population: An Ecological Time Series Study	10.36660/ijcs.20210117	http://dx.doi.org/10.36660/ijcs.20210117	2359-4802	\International Journal of Cardiovascular Sciences\	Emerson de Jesus Silva			2022	1649073632	0	0	0	0	1	0	1	0	1	0	3	1	TRUE	Emerson de Jesus Silva, Francieudo da Silva Gomes, João Vitor Bezerra Firmiano, Nilson Roberto da Silva, Wendel Aguiar Carlini, Marcello Barbosa Otoni Gonçalves Guedes, Matheus Rodrigues Lopes, Johnnatas Mikael Lopes	2359-4802	0	0.5	0.154	C	NA	NA	NA	NA	NA	NA	NA	NA	NA	NA	NA	NA	NA	NA	NA	NA	NA	NA	NA	NA	NA	NA	NA	NA	NA
Barriers and facilitators to populational adherence to prevention and control measures of COVID-19 and other respiratory infectious diseases: a rapid qualitative evidence synthesis protocol	10.1136/bmjopen-2020-045529	http://dx.doi.org/10.1136/bmjopen-2020-045529	2044-6055	BMJ Open	Karolinne Souza Monteiro			2021	1612194118	0	0	0	0	3	0	3	0	3	0	91	1	TRUE	Karolinne Souza Monteiro, Thayla Amorim Santino, Ada Cristina Jácome, Baldomero Silva, Cecilia M Patino, Gabriela Chaves, João Carlos Alchieri, Sarah Leite, Kleber Giovanni Luz, Ricardo O Guerra, Karla Morganna Pereira Pinto de Mendonça	2044-6055	4	4.4	0.971	A1	NA	NA	NA	NA	NA	NA	NA	NA	NA	NA	NA	NA	NA	NA	NA	NA	NA	NA	NA	NA	NA	NA	NA	NA	NA
Blood Flow Restriction Training: To Adjust or Not Adjust the Cuff Pressure Over an Intervention Period?	10.3389/fphys.2021.678407	http://dx.doi.org/10.3389/fphys.2021.678407	1664-042X	Frontiers in Physiology	Mikhail Santos Cerqueira			2021	1626522809	0	0	0	0	5	0	5	0	5	0	97	2	TRUE	Mikhail Santos Cerqueira, Eduardo Caldas Costa, Ricardo Santos Oliveira, Rafael Pereira, Wouber Hérickson Brito Vieira	1664-042X	10	6.1	1.006	A2	NA	NA	NA	NA	NA	NA	NA	NA	NA	NA	NA	NA	NA	NA	NA	NA	NA	NA	NA	NA	NA	NA	NA	NA	NA
Breathing pattern and muscle activity using different inspiratory resistance devices in children with mouth breathing syndrome	10.1183/23120541.00480-2021	http://dx.doi.org/10.1183/23120541.00480-2021	2312-0541	ERJ Open Research	Jéssica Danielle Medeiros da Fonsêca			2022	1652330798	0	0	0	0	3	0	3	0	3	0	11	2	TRUE	Jéssica Danielle Medeiros da Fonsêca, Andrea Aliverti, Kadja Benício, Valéria Soraya de Farias Sales, Luciana Fontes Silva da Cunha Lima, Vanessa Regiane Resqueti, Guilherme Augusto de Freitas Fregonezi	2312-0541	1	5.2	1.235	A1	NA	NA	NA	NA	NA	NA	NA	NA	NA	NA	NA	NA	NA	NA	NA	NA	NA	NA	NA	NA	NA	NA	NA	NA	NA
Circumstances and Factors Associated With Falls Among Community-Dwelling Older Adults Diagnosed With Heart Disease Using the International Mobility in Aging Study (IMIAS)	10.1519/jpt.0000000000000316	http://dx.doi.org/10.1519/jpt.0000000000000316	1539-8412	Journal of Geriatric Physical Therapy	Ala' S. Aburub			2021	1673987823	1	0	0	0	3	0	2	0	3	0	20	2	FALSE	Ala' S. Aburub, Susan P. Phillips, Carmen-Lucia Curcio, Ricardo Oliveira Guerra, Hanan Khalil, Mohammad Auais	1539-8412	2	6.4	0.564	A1	NA	NA	NA	NA	NA	NA	NA	NA	NA	NA	NA	NA	NA	NA	NA	NA	NA	NA	NA	NA	NA	NA	NA	NA	NA
Co-Design of an Intervention to Increase the Participation in Leisure Activities Including Adolescents with Cerebral Palsy with GMFCS Levels IV and V: A Study Protocol	10.3390/jcm12010182	http://dx.doi.org/10.3390/jcm12010182	2077-0383	Journal of Clinical Medicine	Rocío Palomo-Carrión			2022	1672157362	0	0	0	0	5	0	5	0	5	0	22	4	TRUE	Rocío Palomo-Carrión, Caline Cristine De Araújo Ferreira Jesus, Camila Araújo Santos Santana, Raquel Lindquist, Roselene Alencar, Helena Romay-Barrero, Elena Contell-Gonzalo, Karolinne Souza Monteiro, Elena Pinero-Pinto, Egmar Longo	2077-0383	3	0.1	0.882	A2	NA	NA	NA	NA	NA	NA	NA	NA	NA	NA	NA	NA	NA	NA	NA	NA	NA	NA	NA	NA	NA	NA	NA	NA	NA
Correlation between upper limb function and clinical measures of shoulder and trunk mobility and strength in overhead athletes with shoulder pain	10.1016/j.ptsp.2022.02.001	http://dx.doi.org/10.1016/j.ptsp.2022.02.001	1466-853X	Physical Therapy in Sport	Bianca Rodrigues da Silva Barros			2022	1655391726	1	0	0	0	21	0	19	0	20	0	49	12	FALSE	Bianca Rodrigues da Silva Barros, Isadora Braga Silva Cavalcanti, Nilton da Silva Júnior, Catarina de Oliveira Sousa	1466-853X	7	4.5	0.873	A3	NA	NA	NA	NA	NA	NA	NA	NA	NA	NA	NA	NA	NA	NA	NA	NA	NA	NA	NA	NA	NA	NA	NA	NA	NA
Development of shoulder pain with job-related repetitive load: mechanisms of tendon pathology and anxiety	10.1016/j.jse.2021.09.007	http://dx.doi.org/10.1016/j.jse.2021.09.007	1058-2746	Journal of Shoulder and Elbow Surgery	Federico Pozzi			2021	1683491227	2	1	0	1	12	0	8	0	12	0	59	20	TRUE	Federico Pozzi, Catarina O Sousa, Hillary A Plummer, Brittany Andrade, Daniel Awokuse, Naoko Kono, Wendy J Mack, Shawn C Roll, Lori A Michener	1058-2746	7	6.1	1.855	A1	NA	NA	NA	NA	NA	NA	NA	NA	NA	NA	NA	NA	NA	NA	NA	NA	NA	NA	NA	NA	NA	NA	NA	NA	NA
Effect of resistance training with blood flow restriction on muscle damage markers in adults: A systematic review	10.1371/journal.pone.0253521	http://dx.doi.org/10.1371/journal.pone.0253521	1932-6203	PLOS ONE	Victor Sabino de Queiros			2021	1630650993	1	0	0	0	7	0	5	1	7	0	65	4	TRUE	Victor Sabino de Queiros, Ísis Kelly dos Santos, Paulo Francisco Almeida-Neto, Matheus Dantas, Ingrid Martins de França, Wouber Hérickson de Brito Vieira, Gabriel Rodrigues Neto, Paulo Moreira Silva Dantas, Breno Guilherme de Araújo Tinôco Cabral	1932-6203	4	6.0	0.839	A1	NA	NA	NA	NA	NA	NA	NA	NA	NA	NA	NA	NA	NA	NA	NA	NA	NA	NA	NA	NA	NA	NA	NA	NA	NA
Effect of respiratory muscle training in asthma: A systematic review and meta-analysis	10.1016/j.rehab.2022.101691	http://dx.doi.org/10.1016/j.rehab.2022.101691	1877-0657	Annals of Physical & Rehabilitation Medicine	Ana Lista-Paz			2022	1683065085	0	0	0	0	17	0	16	0	16	0	81	10	TRUE	Ana Lista-Paz, Lucía Bouza Cousillas, Cristina Jácome, Guilherme Fregonezi, Noé Labata-Lezaun, Luis Llurda-Almuzara, Albert Pérez-Bellmunt	1877-0657	12	7.3	1.27	A1	NA	NA	NA	NA	NA	NA	NA	NA	NA	NA	NA	NA	NA	NA	NA	NA	NA	NA	NA	NA	NA	NA	NA	NA	NA
Effects of an optimised approach to home-based respiratory care in individuals with amyotrophic lateral sclerosis: a study protocol for a randomised controlled trial	10.1136/bmjopen-2020-042780	http://dx.doi.org/10.1136/bmjopen-2020-042780	2044-6055	BMJ Open	Karen Pondofe			2021	1626362700	0	0	0	1	3	0	2	0	3	0	33	11	TRUE	Karen Pondofe, Guilherme A F Fregonezi, Ozana Brito, Mario Emilio Dourado Júnior, Rodrigo Torres-Castro, Vanessa R Resqueti	2044-6055	1	4.4	0.971	A1	NA	NA	NA	NA	NA	NA	NA	NA	NA	NA	NA	NA	NA	NA	NA	NA	NA	NA	NA	NA	NA	NA	NA	NA	NA
Effects of Exercise and Diet on Body Composition and Physical Function in Older Hispanics with Type 2 Diabetes	10.3390/ijerph18158019	http://dx.doi.org/10.3390/ijerph18158019	1661-7827	International Journal of Environmental Research and Public Health	Edgar Ramos Vieira			2021	1628330400	0	0	0	1	4	0	0	0	1	0	100	4	TRUE	Edgar Ramos Vieira, Fabricia Azevedo da Costa Cavalcanti, Fernanda Civitella, Monica Hollifield, Stephanie Caceres, Jorge Carreno, Trudy Gaillard, Fatma G. Huffman, Jorge Camilo Mora, Marcos Roberto Queiroga	1661-7827	8	5.4	0.808	A1	NA	NA	NA	NA	NA	NA	NA	NA	NA	NA	NA	NA	NA	NA	NA	NA	NA	NA	NA	NA	NA	NA	NA	NA	NA
Effects of rTMS and tDCS on neuropathic pain after brachial plexus injury: a randomized placebo-controlled pilot study	10.1038/s41598-022-05254-3	http://dx.doi.org/10.1038/s41598-022-05254-3	2045-2322	Scientific Reports	Erickson Duarte Bonifácio de Assis			2022	1643878484	0	0	0	0	2	0	1	0	1	0	61	1	TRUE	Erickson Duarte Bonifácio de Assis, Wanessa Kallyne Nascimento Martins, Carolina Dias de Carvalho, Clarice Martins Ferreira, Ruth Gomes, Evelyn Thais de Almeida Rodrigues, Ussânio Mororó Meira, Ledycnarf Januário de Holanda, Ana Raquel Lindquist, Edgard Morya, Cristina Katya Torres Teixeira Mendes, Thaís Castro Gomes de Assis, Eliane Araújo de Oliveira, Suellen Marinho Andrade	2045-2322	20	7.5	0.9	A1	NA	NA	NA	NA	NA	NA	NA	NA	NA	NA	NA	NA	NA	NA	NA	NA	NA	NA	NA	NA	NA	NA	NA	NA	NA
Electrical activity and fatigue of respiratory and locomotor muscles in obstructive respiratory diseases during field walking test	10.1371/journal.pone.0266365	http://dx.doi.org/10.1371/journal.pone.0266365	1932-6203	PLOS ONE	Jéssica D. Cavalcanti			2022	1649619887	0	0	0	1	17	0	16	0	17	0	12	20	TRUE	Jéssica D. Cavalcanti, Guilherme Augusto F. Fregonezi, Antonio J. Sarmento, Thiago Bezerra, Lucien P. Gualdi, Francesca Pennati, Andrea Aliverti, Vanessa R. Resqueti	1932-6203	7	6.0	0.839	A1	NA	NA	NA	NA	NA	NA	NA	NA	NA	NA	NA	NA	NA	NA	NA	NA	NA	NA	NA	NA	NA	NA	NA	NA	NA
Fourier-Transform Infrared Spectroscopy as a Screening Tool for Osteosarcopenia in Community-Dwelling Older Women	10.1093/gerona/glad081	http://dx.doi.org/10.1093/gerona/glad081	1079-5006	Journals of Gerontology Series A: Biological Sciences & Medical Sciences	Raysa Vanessa de Medeiros Freitas			2023	1696233399	0	0	0	0	8	0	4	0	4	0	8	2	FALSE	Raysa Vanessa de Medeiros Freitas, Daniel Lucas Dantas de Freitas, Igor Rafael Damasceno de Oliveira, Cristiano dos Santos Gomes, Gerlane Coelho Bernardo Guerra, Paulo Moreira Silva Dantas, Tales Gomes da Silva, Gustavo Duque, Kassio Michell Gomes de Lima, Ricardo Oliveira Guerra	1079-5006	1	9.9	1.285	A1	NA	NA	NA	NA	NA	NA	NA	NA	NA	NA	NA	NA	NA	NA	NA	NA	NA	NA	NA	NA	NA	NA	NA	NA	NA
Frailty syndrome and risk of cardiovascular disease: Analysis from the International Mobility in Aging Study	10.1016/j.archger.2020.104279	http://dx.doi.org/10.1016/j.archger.2020.104279	0167-4943	Archives of Gerontology & Geriatrics	Juliana Fernandes			2021	1605446344	0	0	0	0	6	0	6	0	6	0	69	4	FALSE	Juliana Fernandes, Cristiano dos Santos Gomes, Ricardo Oliveira Guerra, Catherine M. Pirkle, Afshin Vafaei, Carmen-Lucia Curcio, Armèle Dornelas de Andrade	0167-4943	11	6.8	1.054	A1	NA	NA	NA	NA	NA	NA	NA	NA	NA	NA	NA	NA	NA	NA	NA	NA	NA	NA	NA	NA	NA	NA	NA	NA	NA
Impact of physiotherapy with telerehabilitation on caregivers of patients with neurological disorders: A systematic review protocol	10.3389/fnagi.2022.951397	http://dx.doi.org/10.3389/fnagi.2022.951397	1663-4365	Frontiers in Aging Neuroscience	Emília Márcia Gomes de Souza e Silva			2022	1663308909	0	0	0	0	3	0	3	0	3	0	26	1	TRUE	Emília Márcia Gomes de Souza e Silva, Luciana Protásio de Melo, Aline Alves de Souza, Ledycnarf Januário de Holanda, Tatiana Souza Ribeiro, Ricardo Alexsandro de Medeiros Valentim, Ana Raquel Lindquist	1663-4365	0	5.2	1.173	A2	NA	NA	NA	NA	NA	NA	NA	NA	NA	NA	NA	NA	NA	NA	NA	NA	NA	NA	NA	NA	NA	NA	NA	NA	NA
Knowledge translation in rehabilitation settings in low, lower-middle and upper-middle-income countries: a scoping review	10.1080/09638288.2022.2030415	http://dx.doi.org/10.1080/09638288.2022.2030415	0963-8288	Disability & Rehabilitation	I. C. R. Regalado			2022	1648800300	0	0	0	0	18	0	13	0	13	0	33	9	TRUE	I. C. R. Regalado, A. R. Lindquist, R. Cardoso, E. Longo, R. Lencucha, M. Hunt, A. Thomas, A. Bussières, J. T. Boruff, K. Shikako	0963-8288	7	4.4	0.796	A1	NA	NA	NA	NA	NA	NA	NA	NA	NA	NA	NA	NA	NA	NA	NA	NA	NA	NA	NA	NA	NA	NA	NA	NA	NA
Metabolic syndrome in middle-aged and older women: A cross-sectional study	10.1177/17455065211070673	http://dx.doi.org/10.1177/17455065211070673	1745-5057	Women's Health (08847355)	Mayle Andrade Moreira			2022	1642806583	0	0	0	0	1	0	1	0	1	0	23	1	TRUE	Mayle Andrade Moreira, Saionara Maria Aires da Câmara, Sabrina Gabrielle Gomes Fernandes, Ingrid Guerra Azevedo, Álvaro Campos Cavalcanti Maciel	1745-5057	1	2.9	0.747	NA	NA	NA	NA	NA	NA	NA	NA	NA	NA	NA	NA	NA	NA	NA	NA	NA	NA	NA	NA	NA	NA	NA	NA	NA	NA
Multidimensional Factors Can Explain the Clinical Worsening in People With Parkinson's Disease During the COVID-19 Pandemic: A Multicenter Cross-Sectional Trial	10.3389/fneur.2021.708433	http://dx.doi.org/10.3389/fneur.2021.708433	1664-2295	Frontiers in Neurology	Carla Silva-Batista			2021	1627671720	0	0	0	0	3	0	3	0	3	0	79	2	TRUE	Carla Silva-Batista, Daniel Boari Coelho, Renato Campos Freire Júnior, Lorena Rosa Almeida, Adriana Guimarães, Katia Cirilo Costa Nóbrega, Hugo Machado Sanchez, Ana Raquel Rodrigues Lindquist, Vera Lúcia Israel, Hélcio Kanegusuku, Rachel Guimarães, Nayanne Beckmann Bosaipo, Richelma Barbosa, Clynton Lourenço Correa, Maria José Finatto, Felipe Augusto dos Santos Mendes, Maria Elisa Pimentel Piemonte	1664-2295	14	4.8	0.966	A4	NA	NA	NA	NA	NA	NA	NA	NA	NA	NA	NA	NA	NA	NA	NA	NA	NA	NA	NA	NA	NA	NA	NA	NA	NA
Myoelectric Activity and Fatigue in Low-Load Resistance Exercise With Different Pressure of Blood Flow Restriction: A Systematic Review and Meta-Analysis	10.3389/fphys.2021.786752	http://dx.doi.org/10.3389/fphys.2021.786752	1664-042X	Frontiers in Physiology	Victor Sabino de Queiros			2021	1639080513	0	0	0	0	6	0	6	0	6	0	51	3	TRUE	Victor Sabino de Queiros, Ingrid Martins de França, Robert Trybulski, João Guilherme Vieira, Isis Kelly dos Santos, Gabriel Rodrigues Neto, Michal Wilk, Dihogo Gama de Matos, Wouber Hérickson de Brito Vieira, Jefferson da Silva Novaes, Piotr Makar, Breno Guilherme de Araújo Tinoco Cabral, Paulo Moreira Silva Dantas	1664-042X	12	6.1	1.006	A2	NA	NA	NA	NA	NA	NA	NA	NA	NA	NA	NA	NA	NA	NA	NA	NA	NA	NA	NA	NA	NA	NA	NA	NA	NA
New reference values for maximum respiratory pressures in healthy Brazilian children following guidelines recommendations: A regional study	10.1371/journal.pone.0279473	http://dx.doi.org/10.1371/journal.pone.0279473	1932-6203	PLOS ONE	Ana Aline Marcelino			2022	1672322400	0	0	0	1	1	0	0	0	1	0	6	8	TRUE	Ana Aline Marcelino, Guilherme Augusto Fregonezi, Maria das Graças Lira, Fernanda de Cordoba Lanza, Íllia Nadinne Dantas Lima, Vanessa Regiane Resqueti	1932-6203	2	6.0	0.839	A1	NA	NA	NA	NA	NA	NA	NA	NA	NA	NA	NA	NA	NA	NA	NA	NA	NA	NA	NA	NA	NA	NA	NA	NA	NA
Nutritional Factors Associated with Late-Onset Sepsis in Very Low Birth Weight Newborns	10.3390/nu14010196	http://dx.doi.org/10.3390/nu14010196	2072-6643	Nutrients	Juliany Caroline Silva de Sousa			2021	1642725467	0	0	0	0	14	0	3	0	3	0	32	2	TRUE	Juliany Caroline Silva de Sousa, Ana Verônica Dantas de Carvalho, Lorena  de Carvalho Monte de  Prada, Arthur Pedro Marinho, Kerolaynne Fonseca de Lima, Suianny Karla de Oliveira Macedo, Camila Dayze Pereira Santos, Saionara Maria Aires da Câmara, Anna Christina do Nascimento Granjeiro Barreto, Silvana Alves Pereira	2072-6643	1	9.0	1.301	A1	NA	NA	NA	NA	NA	NA	NA	NA	NA	NA	NA	NA	NA	NA	NA	NA	NA	NA	NA	NA	NA	NA	NA	NA	NA
Pain symptoms and physical performance in older adults: cross-sectional findings from the International Mobility in Aging Study (IMIAS)	10.1007/s41999-023-00889-5	http://dx.doi.org/10.1007/s41999-023-00889-5	1878-7649	European Geriatric Medicine	Edmilson Gomes da Silva Júnior			2023	1701044985	0	0	0	0	1	0	1	0	1	0	3	1	FALSE	Edmilson Gomes da Silva Júnior, Cristiano dos Santos Gomes, Nailton José Neto, Juliana Fernandes de Souza Barbosa, Carmen-Lucia Curcio, Tamer Ahmed, Mohammad Auais, Álvaro Campos Cavalcanti Maciel, Ricardo Oliveira Guerra	1878-7649	0	4.8	1.019	B1	NA	NA	NA	NA	NA	NA	NA	NA	NA	NA	NA	NA	NA	NA	NA	NA	NA	NA	NA	NA	NA	NA	NA	NA	NA
Pain, deep neck flexors performance, disability, and head posture in individuals with temporomandibular disorder with and without otological complaints.	10.3233/bmr-220079	http://dx.doi.org/10.3233/bmr-220079	1053-8127	Journal of Back & Musculoskeletal Rehabilitation	Luiz Felipe Tavares			2023	1681289912	0	0	0	0	2	0	1	0	1	0	15	1	FALSE	Luiz Felipe Tavares, Inae Caroline Gadotti, Lidiane Macedo Ferreira, Alvaro Campos Cavalcanti Maciel, Bruna Guimaraes Carvalho, Gustavo Seabra Barbosa, Erika Oliveira Almeida, Karyna Figueiredo Ribeiro	1053-8127	1	2.4	0.459	A4	NA	NA	NA	NA	NA	NA	NA	NA	NA	NA	NA	NA	NA	NA	NA	NA	NA	NA	NA	NA	NA	NA	NA	NA	NA
Periodontal Disease in the Brazilian Population: A Retrospective Analysis on the 2013 National Health Survey to Identifying Risk Profiles	10.1155/2022/5430473	http://dx.doi.org/10.1155/2022/5430473	1687-8728	International Journal of Dentistry	Thiago Antônio Raulino do Nascimento			2022	1668173745	0	0	0	0	2	0	2	0	2	0	9	1	TRUE	Thiago Antônio Raulino do Nascimento, José Vilton Costa, Ricardo Oliveira Guerra	1687-8728	0	2.6	0.492	A3	NA	NA	NA	NA	NA	NA	NA	NA	NA	NA	NA	NA	NA	NA	NA	NA	NA	NA	NA	NA	NA	NA	NA	NA	NA
Physical therapy for the management of motor symptoms in amyotrophic lateral sclerosis: protocol for a systematic review	10.1136/bmjopen-2022-063689	http://dx.doi.org/10.1136/bmjopen-2022-063689	2044-6055	BMJ Open	Stephano Tomaz Silva			2022	1714400217	0	0	0	0	2	0	2	0	2	0	14	2	TRUE	Stephano Tomaz Silva, Aline Alves de Souza, Karen Pondofe, Luciana Protásio de Melo, Vanessa R Resqueti, Ricardo Alexsandro de Medeiros Valentim, Tatiana Souza Ribeiro	2044-6055	1	4.4	0.971	A1	NA	NA	NA	NA	NA	NA	NA	NA	NA	NA	NA	NA	NA	NA	NA	NA	NA	NA	NA	NA	NA	NA	NA	NA	NA
Precisão da medida de mobilidade no espaço de vida para discriminar fragilidade e sarcopenia em idosos	10.1590/1981-22562022025.210219.pt	http://dx.doi.org/10.1590/1981-22562022025.210219.pt	1809-9823	Revista Brasileira de Geriatria e Gerontologia	Maria do Carmo Correia de Lima			2022	1672930228	1	2	0	0	5	0	0	0	3	0	6	11	TRUE	Maria do Carmo Correia de Lima, Monica Rodrigues Perracini, Ricardo Oliveira Guerra, Flávia da Silva Arbex Borim, Mônica Sanches Yassuda, Anita Liberalesso Neri	1809-9823	0	NA	NA	A3	NA	NA	NA	NA	NA	NA	NA	NA	NA	NA	NA	NA	NA	NA	NA	NA	NA	NA	NA	NA	NA	NA	NA	NA	NA
Psychometric properties of the sit-to-stand test for patients with pulmonary hypertension: A systematic review protocol	10.1371/journal.pone.0275646	http://dx.doi.org/10.1371/journal.pone.0275646	1932-6203	PLOS ONE	Natália Lopes Cardoso			2022	1664978400	0	0	0	1	1	0	0	0	1	0	12	8	TRUE	Natália Lopes Cardoso, Joceline Ferezini de Sá, Larissa F. E. do Nascimento, Luciana A. Mendes, Selma Bruno, Rodrigo Torres-Castro, Guilherme A. F. Fregonezi, Vanessa R. Resqueti	1932-6203	0	6.0	0.839	A1	NA	NA	NA	NA	NA	NA	NA	NA	NA	NA	NA	NA	NA	NA	NA	NA	NA	NA	NA	NA	NA	NA	NA	NA	NA
Relationship between anxiety symptoms, clinical control and quality of life of children with asthma: A cross‐sectional study	10.1002/ppul.25377	http://dx.doi.org/10.1002/ppul.25377	8755-6863	Pediatric Pulmonology	Renata Ramos Tomaz Barbosa			2021	1625141114	0	0	0	0	4	0	4	0	4	0	28	2	FALSE	Renata Ramos Tomaz Barbosa, Karolinne Souza Monteiro, Álvaro Campos Cavalcanti Maciel, Fernanda Elizabeth Pereira da Silva, Lucas Menescal Jales, Thayla Amorim Santino, Cleia Teixeira do Amaral, Karla Morganna Pereira Pinto de Mendonça	8755-6863	5	5.4	0.907	A2	NA	NA	NA	NA	NA	NA	NA	NA	NA	NA	NA	NA	NA	NA	NA	NA	NA	NA	NA	NA	NA	NA	NA	NA	NA
Relationships Between Active Myofascial Trigger Points and Depressive Symptoms and Physical and Clinical Characteristics of Individuals With Shoulder Pain: A Cross-sectional Study	10.1016/j.jcm.2022.02.019	http://dx.doi.org/10.1016/j.jcm.2022.02.019	1556-3707	Journal of chiropractic medicine (Print)	José Diego Sales Do Nascimento			2022	1669359689	0	0	0	0	3	0	3	0	3	0	16	2	TRUE	José Diego Sales Do Nascimento, Francisco Alburquerque-Sendín, Liziane Mafra Vale de Souza, Catarina de Oliveira Sousa	1556-3707	1	1.4	0.302	A1	NA	NA	NA	NA	NA	NA	NA	NA	NA	NA	NA	NA	NA	NA	NA	NA	NA	NA	NA	NA	NA	NA	NA	NA	NA
Remote versus face-to-face home-based exercise programme in people with amyotrophic lateral sclerosis: protocol for a randomised clinical trial	10.1136/bmjopen-2021-056323	http://dx.doi.org/10.1136/bmjopen-2021-056323	2044-6055	BMJ Open	Aline Alves de Souza			2022	1654046278	0	0	0	0	1	0	1	0	1	0	63	1	TRUE	Aline Alves de Souza, Stephano Tomaz da Silva, Karen de Medeiros Pondofe, Vanessa Regiane Resqueti, Luciana Protásio de Melo, Ricardo Alexsandro de Medeiros Valentim, Tatiana Souza Ribeiro	2044-6055	1	4.4	0.971	A1	NA	NA	NA	NA	NA	NA	NA	NA	NA	NA	NA	NA	NA	NA	NA	NA	NA	NA	NA	NA	NA	NA	NA	NA	NA
Spectrochemical analysis of blood combined with chemometric techniques for detecting osteosarcopenia	10.1038/s41598-023-36834-6	http://dx.doi.org/10.1038/s41598-023-36834-6	2045-2322	Scientific Reports	Tales Gomes da Silva			2023	1687312626	0	0	0	0	3	0	3	0	3	0	10	2	TRUE	Tales Gomes da Silva, Camilo L. M. Morais, Marfran C. D. Santos, Leomir A. S. de Lima, Raysa Vanessa de Medeiros Freitas, Ricardo Oliveira Guerra, Kássio M. G. Lima	2045-2322	5	7.5	0.9	A1	NA	NA	NA	NA	NA	NA	NA	NA	NA	NA	NA	NA	NA	NA	NA	NA	NA	NA	NA	NA	NA	NA	NA	NA	NA
Technical Innovation for Visual Assessment of Preterm Newborns in a Neonatal Intensive Care Unit: Exploratory Study	10.1155/2021/9837505	http://dx.doi.org/10.1155/2021/9837505	2090-2867	Rehabilitation Research & Practice	C. A. Moran			2021	1612366035	0	0	0	0	9	0	1	0	1	0	14	1	TRUE	C. A. Moran, V. L. Alves, S. A. Pereira, M. F. Costa	2090-2867	0	2.2	0.44	A3	NA	NA	NA	NA	NA	NA	NA	NA	NA	NA	NA	NA	NA	NA	NA	NA	NA	NA	NA	NA	NA	NA	NA	NA	NA
Telerehabilitation-based trunk exercise training for motor symptoms of individuals with Parkinson’s disease: A randomized controlled clinical trial	10.1177/1357633x211021740	http://dx.doi.org/10.1177/1357633x211021740	1357-633X	Journal of Telemedicine and Telecare	Liliane S de Vasconcellos			2021	1624246269	0	0	0	0	2	0	2	0	2	0	92	2	FALSE	Liliane S de Vasconcellos, Raquel S Silva, Thaiana BF Pachêco, Danilo AP Nagem, Catarina de O Sousa, Tatiana S Ribeiro	1357-633X	8	12.6	1.056	A2	NA	NA	NA	NA	NA	NA	NA	NA	NA	NA	NA	NA	NA	NA	NA	NA	NA	NA	NA	NA	NA	NA	NA	NA	NA
Tendência temporal das complicações do pé diabético e da cobertura da Atenção Primária à Saúde nas capitais brasileiras, 2008–2018	10.5712/rbmfc17(44)3420	http://dx.doi.org/10.5712/rbmfc17(44)3420	1809-5909	Revista Brasileira de Medicina de Família e Comunidade	Adson Aragão de Araújo Santos			2022	1666381260	0	0	0	0	3	0	1	0	1	0	3	1	TRUE	Adson Aragão de Araújo Santos, André Fellipe Lima Gomes, Fillipe Siqueira Santos da Silva, Hellen de Carvalho Lima, José Matheus Mendonça da Silva, Marcello Barbosa Otoni Gonçalves Guedes, Diego Neves Araújo, Carlos Alberto de Lima Botelho Filho, Matheus Rodrigues Lopes, Johnnatas Mikael Lopes	1809-5909	2	NA	NA	B2	NA	NA	NA	NA	NA	NA	NA	NA	NA	NA	NA	NA	NA	NA	NA	NA	NA	NA	NA	NA	NA	NA	NA	NA	NA
Thoracoabdominal asynchrony and paradoxical motion in Duchenne muscular dystrophy and healthy subjects during cough: A case control study	10.1002/ppul.25412	http://dx.doi.org/10.1002/ppul.25412	8755-6863	Pediatric Pulmonology	Layana Marques			2021	1624004468	0	0	0	0	5	0	4	0	4	0	10	2	FALSE	Layana Marques, Guilherme Augusto de Freitas Fregonezi, Ana Aline Marcelino, Mario Emílio Teixeira Dourado‐Júnior, Antonio Sarmento, Francesca Pennati, Andrea Aliverti, Vanessa Regiane Resqueti	8755-6863	7	5.4	0.907	A2	NA	NA	NA	NA	NA	NA	NA	NA	NA	NA	NA	NA	NA	NA	NA	NA	NA	NA	NA	NA	NA	NA	NA	NA	NA
Use of rating of perceived exertion during anterior cruciate ligament reconstruction and knee osteoarthritis rehabilitation: a scoping review protocol	10.1136/bmjopen-2021-055786	http://dx.doi.org/10.1136/bmjopen-2021-055786	2044-6055	BMJ Open	Daniel Germano Maciel			2021	1639654310	0	0	0	0	1	0	1	0	1	0	38	1	TRUE	Daniel Germano Maciel, Mikhail Santos Cerqueira, Wouber Hérickson de Brito Vieira	2044-6055	0	4.4	0.971	A1	NA	NA	NA	NA	NA	NA	NA	NA	NA	NA	NA	NA	NA	NA	NA	NA	NA	NA	NA	NA	NA	NA	NA	NA	NA
Weaning from mechanical ventilation in people with neuromuscular disease: a systematic review	10.1136/bmjopen-2020-047449	http://dx.doi.org/10.1136/bmjopen-2020-047449	2044-6055	BMJ Open	Clair Gomes Bernardes Neto			2021	1633510272	0	1	0	0	1	0	0	0	1	0	48	6	TRUE	Clair Gomes Bernardes Neto, Rodrigo Torres-Castro, Íllia Lima, Vanessa R Resqueti, Guilherme A F Fregonezi	2044-6055	11	4.4	0.971	A1	NA	NA	NA	NA	NA	NA	NA	NA	NA	NA	NA	NA	NA	NA	NA	NA	NA	NA	NA	NA	NA	NA	NA	NA	NA
Access to rehabilitation after stroke in Brazil (AReA study): multicenter study protocol	NA	http://dx.doi.org/10.1055/s-0042-1758558	NA	Arquivos de Neuro-Psiquiatria	NA	NA	NA	2022	NA	NA	NA	NA	NA	NA	NA	NA	NA	NA	NA	NA	NA	NA	Roberta de Oliveira Cacho, Carla Heloisa Cabral Moro, Rodrigo Bazan, Suzete Nascimento Farias da Guarda, Elen Beatriz Pinto, Suellen Mary Marinho dos Santos Andrade, Lenise Valler, Kelson James Almeida, Tatiana Souza Ribeiro, Renata Viana Brígido de Moura Jucá, Cesar Minelli, Maria Elisa Pimentel Piemonte, Eric Homero Albuquerque Paschoal, Marco Túlio Araújo Pedatella, Octávio Marques Pontes-Neto, Ana Paula Fontana, Aline de Souza Pagnussat, Adriana Bastos Conforto, NA NA	0004-282X,1678-4227	0	2.1	0.341	B2	2022-12-19	2023-04-27	2022-10	10.1055/s-0042-1758558	2024-03-07	2022-10	194	1067-1074	10.1055	Georg Thieme Verlag KG	1	Crossref	34	34	3	journal-article	80	en	Arq Neuropsiquiatr	2022-12-19	10	NA	NA	Portico	CLOCKSS
Analysis of additional variables from isokinetic evaluation of professional soccer players	NA	http://dx.doi.org/10.1016/j.ptsp.2020.11.003	NA	Physical Therapy in Sport	NA	NA	NA	2021	NA	NA	NA	NA	NA	NA	NA	NA	NA	NA	NA	NA	NA	NA	Alef Cavalcanti Matias Barros, Daniel Germano Maciel, Mikhail Santos Cerqueira, Vinicíus Vieira Alencar Caldas, Glauko André F Dantas, Wouber Herickson Brito Vieira	1466-853X	0	4.5	0.873	A3	2020-12-25	2020-12-25	2021-01	10.1016/j.ptsp.2020.11.003	2022-04-03	2021-01	78	e1	10.1016	Elsevier BV	1	Crossref	0	0	0	journal-article	47	en	Physical Therapy in Sport	NA	NA	NA	NA	NA	NA
Analysis of factors related to granting sickness benefits to industry workers on leave due to Work-related Musculoskeletal Disorders (WMSD)	NA	http://dx.doi.org/10.33448/rsd-v10i2.12346	NA	Research, Society and Development	NA	NA	NA	2021	NA	NA	NA	NA	NA	NA	NA	NA	NA	NA	NA	NA	NA	NA	Leonildo Santos do Nascimento Júnior, Roberta de Fátima Carreira Moreira Padovez, Lorenna Marinho Ferreira, Eleazar Marinho de Freitas Lucena, Catarina de Oliveira Sousa	2525-3409	0	NA	NA	C	2021-02-16	2021-02-16	NA	10.33448/rsd-v10i2.12346	2022-04-01	2021-02-13	19099	e22610212346	10.33448	Research, Society and Development	1	Crossref	0	0	0	journal-article	10	NA	RSD	2021-02-13	2	NA	NA	NA	NA
Analysis of the spine posture, mobility and strength in healthy individuals with and without scapular dyskinesis	NA	http://dx.doi.org/10.11606/issn.2317-0190.v28i1a182017	NA	Acta Fisiátrica	NA	NA	NA	2021	NA	NA	NA	NA	NA	NA	NA	NA	NA	NA	NA	NA	NA	NA	Ruthe de Góes  Xavier do Nascimento, Nícia Farias Braga Maciel, Liziane Mafra Vale de Souza, Thaís Brazão Siqueira de Lima, Sandra Cristina de Andrade, Catarina de Oliveira Sousa	2317-0190,0104-7795	0	NA	NA	B2	2021-06-06	2021-06-06	NA	10.11606/issn.2317-0190.v28i1a182017	2023-11-14	2021-03-31	4873	7-14	10.11606	Universidade de Sao Paulo, Agencia USP de Gestao da Informacao Academica (AGUIA)	1	Crossref	0	0	1	journal-article	28	NA	Acta Fisiátr.	2021-03-31	1	NA	NA	NA	NA
Assessment of Cardiorespiratory and Metabolic Responses in Women with Obesity After Surgically Induced Weight Loss: Results from a Pilot Study	NA	http://dx.doi.org/10.1007/s11695-021-05782-3	NA	Obesity Surgery	NA	NA	NA	2021	NA	NA	NA	NA	NA	NA	NA	NA	NA	NA	NA	NA	NA	NA	Tatiana Onofre, Nicole Oliver, Renata Carlos, Davi Fialho, Renata C. Corte, Amanda Felismino, Eliane P. da Silva, Selma Bruno	0960-8923,1708-0428	0	5.8	1.083	A1	2021-11-15	2022-01-27	2022-02	10.1007/s11695-021-05782-3	2022-03-31	2021-11-15	297	318-324	10.1007	Springer Science and Business Media LLC	1	Crossref	31	31	0	journal-article	32	en	OBES SURG	2021-11-15	2	http://dx.doi.org/10.1007/springer_crossmark_policy	NA	NA	NA
Development and testing of a novel IoT consumer tDCS device for the treatment of primary dysmenorrhea	NA	http://dx.doi.org/10.1016/j.brs.2023.01.548	NA	Brain Stimulation	NA	NA	NA	2023	NA	NA	NA	NA	NA	NA	NA	NA	NA	NA	NA	NA	NA	NA	Emile Radyte, Maria Thereza Micussi, Alexander Anthony Cook, Tatiana Alves, Ervinas Bernatavicius, Yvina Rodrigues, Rodrigo Pegado	1935-861X	0	12.9	2.438	A1	2023-02-15	2023-11-06	2023-01	10.1016/j.brs.2023.01.548	2024-02-07	2023-01	78	303	10.1016	Elsevier BV	1	Crossref	0	0	1	journal-article	16	en	Brain Stimulation	NA	1	http://dx.doi.org/10.1016/elsevier_cm_policy	NA	NA	NA
Disposição histórica das internações por Acidente Vascular Cerebral Isquêmico no Nordeste brasileiro entre 1999-2019	NA	http://dx.doi.org/10.17765/2176-9206.2021v14n1.e8572	NA	Saúde e Pesquisa	NA	NA	NA	2021	NA	NA	NA	NA	NA	NA	NA	NA	NA	NA	NA	NA	NA	NA	Nathalia Priscilla Oliveira Silva Bessa, Bartolomeu Fagundes de Lima Filho, Ana Clara Teixeira Fernandes, Nadja de Oliveira Alves, Fabrícia Azevedo da Costa Cavalcanti	2176-9206	0	NA	NA	B1	2021-04-29	2021-04-29	NA	10.17765/2176-9206.2021v14n1.e8572	2022-03-30	2021-02-26	7170	e8572	10.17765	Centro Universitario de Maringa	1	Crossref	0	0	0	journal-article	14	NA	SaudPesq	2021-02-26	1	NA	NA	NA	NA
Does blood flow restriction anticipate muscular failure? A systematic review and meta-analysis	NA	http://dx.doi.org/10.1016/j.ptsp.2022.02.007	NA	Physical Therapy in Sport	NA	NA	NA	2022	NA	NA	NA	NA	NA	NA	NA	NA	NA	NA	NA	NA	NA	NA	Cosme Januario de Aquino Neto, Mikhail Santos Cerqueira, Maria Lira, Daniel Germano Maciel, Jean Artur Mendonça Barboza, Wouber Hérickson de Brito Vieira	1466-853X	0	4.5	0.873	A3	2022-06-14	2022-11-06	2022-05	10.1016/j.ptsp.2022.02.007	2022-11-07	2022-05	78	e1	10.1016	Elsevier BV	1	Crossref	0	0	0	journal-article	55	en	Physical Therapy in Sport	NA	NA	http://dx.doi.org/10.1016/elsevier_cm_policy	NA	NA	NA
Effects of home healthcare for adults with chronic respiratory diseases and post-COVID-19 syndrome on hospital bed turnover rate: a protocol of systematic review with meta-analysis	NA	http://dx.doi.org/10.1136/bmjopen-2022-069341	NA	BMJ Open	NA	NA	NA	2023	NA	NA	NA	NA	NA	NA	NA	NA	NA	NA	NA	NA	NA	NA	Sarah Leite, Karolinne Souza Monteiro, Thayla Amorim Santino, Gabriela Chaves, Joubert Vitor de Souto Barbosa, Tácito Z M Santos, Cleia Amaral, Sara Ahmed, Zenewton André da Silva Gama, Karla Morganna Pereira Pinto de Mendonça	2044-6055,2044-6055	0	4.4	0.971	A1	2023-04-03	2023-04-03	2023-04	10.1136/bmjopen-2022-069341	2023-09-06	2023-04	239	e069341	10.1136	BMJ	1	Crossref	24	24	1	journal-article	13	en	BMJ Open	2023-04-03	4	http://dx.doi.org/10.1136/crossmarkpolicy	NA	NA	NA
Effects of Ischemic Preconditioning on Functional and Neuromuscular Performance of Lower Limbs of Male Amateur Soccer Players: Protocol for a Randomized Trial	NA	http://dx.doi.org/10.32098/mltj.04.2022.12	NA	Muscle Ligaments and Tendons Journal	NA	NA	NA	2022	NA	NA	NA	NA	NA	NA	NA	NA	NA	NA	NA	NA	NA	NA	I. Martins de França, M.S. Cerqueira, S. Bezerra da Nobrega Neto, C Augusto de Menezes Araújo, Y.M. Barros de Sousa Oliveira, W.H. de Brito Vieira	2240-4554	0	1.4	0.241	A3	2022-12-01	2022-12-01	NA	10.32098/mltj.04.2022.12	2022-12-02	2022-12	9508	555	10.32098	Edra SpA	1	Crossref	0	0	0	journal-article	12	NA	Muscle Ligaments and Tendons J	2022-12	04	NA	NA	NA	NA
Effects of respiratory physiotherapy in patients with amyotrophic lateral sclerosis: protocol for a systematic review of randomised controlled trials	NA	http://dx.doi.org/10.1136/bmjopen-2022-061624	NA	BMJ Open	NA	NA	NA	2022	NA	NA	NA	NA	NA	NA	NA	NA	NA	NA	NA	NA	NA	NA	Karen Pondofe, Ana Aline Marcelino, Tatiana Souza Ribeiro, Rodrigo Torres-Castro, Roberto Vera-Uribe, Guilherme AF Fregonezi, Vanessa R Resqueti	2044-6055,2044-6055	0	4.4	0.971	A1	2022-05-30	2024-03-21	2022-05	10.1136/bmjopen-2022-061624	2024-03-21	2022-05	239	e061624	10.1136	BMJ	1	Crossref	22	22	2	journal-article	12	en	BMJ Open	2022-05-30	5	http://dx.doi.org/10.1136/crossmarkpolicy	NA	NA	NA
Equilíbrio postural em idosos com e sem Diabetes Mellitus tipo 2: Uma análise comparativa	NA	http://dx.doi.org/10.33448/rsd-v10i3.13345	NA	Research, Society and Development	NA	NA	NA	2021	NA	NA	NA	NA	NA	NA	NA	NA	NA	NA	NA	NA	NA	NA	Vanessa da Nóbrega Dias, Maria Clara Almeida Jacome, Wesley Ribeiro Costa Meneses, Adriana Guedes Carlos, Juliana Maria Gazzola	2525-3409	0	NA	NA	C	2021-03-17	2021-03-17	NA	10.33448/rsd-v10i3.13345	2022-04-03	2021-03-16	19099	e29610313345	10.33448	Research, Society and Development	1	Crossref	0	0	0	journal-article	10	NA	RSD	2021-03-16	3	NA	NA	NA	NA
Existing predictive methods applied to gait analysis of patients with diabetes: study protocol for a systematic review	NA	http://dx.doi.org/10.1136/bmjopen-2021-051981	NA	BMJ Open	NA	NA	NA	2022	NA	NA	NA	NA	NA	NA	NA	NA	NA	NA	NA	NA	NA	NA	Patrícia Mayara Moura da Silva, Ana Beatriz Oliveira Bezerra, Luanna Barbara Araújo Farias, Tatiana Souza Ribeiro, Edgard Morya, Fabrícia Azevêdo da Costa Cavalcanti	2044-6055,2044-6055	0	4.4	0.971	A1	2022-02-21	2022-02-21	2022-02	10.1136/bmjopen-2021-051981	2022-04-01	2022-02	239	e051981	10.1136	BMJ	1	Crossref	27	27	0	journal-article	12	en	BMJ Open	2022-02-21	2	http://dx.doi.org/10.1136/crossmarkpolicy	NA	NA	NA
Functional Mobility and postural balance in older adults with Alzheimer's disease: comparative study between mild and moderate stages	NA	http://dx.doi.org/10.33448/rsd-v11i16.37968	NA	Research, Society and Development	NA	NA	NA	2022	NA	NA	NA	NA	NA	NA	NA	NA	NA	NA	NA	NA	NA	NA	Maria Clara Silva de Melo, Susann Kelly Damião do Rego e Silva Andrade, Vanessa Giffoni Nunes de Medeiros Pinheiro Peixoto, Fabrícia Azevedo da Costa Cavalcanti, Juliana Maria Gazzola	2525-3409	0	NA	NA	C	2022-12-13	2022-12-13	NA	10.33448/rsd-v11i16.37968	2022-12-14	2022-12-11	19099	e346111637968	10.33448	Research, Society and Development	1	Crossref	0	0	0	journal-article	11	NA	RSD	2022-12-11	16	NA	NA	NA	NA
Impaired functional exercise capacity and greater cardiovascular response to the 6-min walk test in congenital generalized lipodystrophy	NA	http://dx.doi.org/10.1186/s12872-022-02828-x	NA	BMC Cardiovascular Disorders	NA	NA	NA	2022	NA	NA	NA	NA	NA	NA	NA	NA	NA	NA	NA	NA	NA	NA	Jorge Luiz Dantas de Medeiros, Bruno Carneiro Bezerra, Helen Rainara Araújo Cruz, Katarina Azevedo de Medeiros, Maria Eduarda Cardoso de Melo, Aquiles Sales Craveiro Sarmento, Marcela Abbott Galvão Ururahy, Lucymara Fassarella Agnez Lima, Alcebíades José dos Santos Neto, Josivan Gomes Lima, Vanessa Resqueti, Lucien Peroni Gualdi, Guilherme Fregonezi, Julliane Tamara Araújo de Melo Campos	1471-2261	0	3.0	0.646	A4	2022-08-25	2022-11-18	NA	10.1186/s12872-022-02828-x	2022-11-18	2022-08-25	297	NA	10.1186	Springer Science and Business Media LLC	1	Crossref	57	57	0	journal-article	22	en	BMC Cardiovasc Disord	2022-08-25	1	http://dx.doi.org/10.1007/springer_crossmark_policy	NA	NA	NA
Is motor learning of stroke patients in non-immersive virtual environment influenced by laterality of injury? A preliminary study	NA	http://dx.doi.org/10.1016/j.jbmt.2020.10.015	NA	Journal of Bodywork and Movement Therapies	NA	NA	NA	2021	NA	NA	NA	NA	NA	NA	NA	NA	NA	NA	NA	NA	NA	NA	Aline Braga Galvão Silveira Fernandes, Julio César Paulino de Melo, Débora Carvalho de Oliveira, Fabricia Azevedo da Costa Cavalcanti, Octavian Adrian Postolache, Pedro José Madaleno Passos, Tania Fernandes Campos	1360-8592	0	2.5	0.48	A2	2020-10-26	2022-07-10	2021-01	10.1016/j.jbmt.2020.10.015	2024-01-24	2021-01	78	53-60	10.1016	Elsevier BV	1	Crossref	27	27	2	journal-article	25	en	Journal of Bodywork and Movement Therapies	NA	NA	http://dx.doi.org/10.1016/elsevier_cm_policy	NA	NA	NA
Isometric versus isotonic exercise in individuals with rotator cuff tendinopathy—Effects on shoulder pain, functioning, muscle strength, and electromyographic activity: A protocol for randomized clinical trial	NA	http://dx.doi.org/10.1371/journal.pone.0293457	NA	PLOS ONE	NA	NA	NA	2023	NA	NA	NA	NA	NA	NA	NA	NA	NA	NA	NA	NA	NA	NA	Bianca Rodrigues da Silva Barros, Denise Dal’Ava Augusto, João Felipe de Medeiros Neto, Lori Ann Michener, Rodrigo Scattone Silva, Catarina de Oliveira Sousa	1932-6203	0	6.0	0.839	A1	2023-11-13	2023-11-13	NA	10.1371/journal.pone.0293457	2024-03-07	2023-11-13	340	e0293457	10.1371	Public Library of Science (PLoS)	1	Crossref	52	52	2	journal-article	18	en	PLoS ONE	2023-11-13	11	http://dx.doi.org/10.1371/journal.pone.corrections_policy	NA	NA	NA
Motor Imagery for Gait Rehabilitation After Stroke	NA	http://dx.doi.org/10.1161/strokeaha.120.033098	NA	Stroke	NA	NA	NA	2021	NA	NA	NA	NA	NA	NA	NA	NA	NA	NA	NA	NA	NA	NA	Stephano Tomaz da Silva, Lorenna Raquel Dantas de Macedo Borges, Lorenna Marques de Melo Santiago, Larissa Coutinho de Lucena, Ana Raquel Rodrigues Lindquist, Tatiana Souza Ribeiro	0039-2499,1524-4628	0	12.9	2.45	A1	2021-05-24	2024-05-13	2021-06	10.1161/strokeaha.120.033098	2024-05-14	2021-06	276	NA	10.1161	Ovid Technologies (Wolters Kluwer Health)	1	Crossref	1	1	1	journal-article	52	en	Stroke	NA	6	http://dx.doi.org/10.1161/crossmarkpolicy	NA	NA	NA
Non-invasive assessment of fatigue and recovery of inspiratory rib cage muscles during endurance test in healthy individuals	NA	http://dx.doi.org/10.1371/journal.pone.0277131	NA	PLOS ONE	NA	NA	NA	2022	NA	NA	NA	NA	NA	NA	NA	NA	NA	NA	NA	NA	NA	NA	Thiago Bezerra Wanderley e Lima, Antonio Sarmento, Rayane Grayce da Silva Vieira, Esmívany Lhara de Freitas Castro, Francesca Pennati, Andrea Aliverti, Vanessa Regiane Resqueti, Guilherme Augusto de Freitas Fregonezi	1932-6203	0	6.0	0.839	A1	2022-12-07	2022-12-07	NA	10.1371/journal.pone.0277131	2022-12-08	2022-12-07	340	e0277131	10.1371	Public Library of Science (PLoS)	1	Crossref	63	63	0	journal-article	17	en	PLoS ONE	2022-12-07	12	http://dx.doi.org/10.1371/journal.pone.corrections_policy	NA	NA	NA
Partial blood flow restriction without exercise to attenuate reduction in thigh muscle strength and trophism during immobilization: A meta-analysis	NA	http://dx.doi.org/10.1016/j.ptsp.2020.11.015	NA	Physical Therapy in Sport	NA	NA	NA	2021	NA	NA	NA	NA	NA	NA	NA	NA	NA	NA	NA	NA	NA	NA	Daniel Germano Maciel, Mikhail Santos Cerqueira, Jean Arthur Mendonça Barboza, José Diego Sales do Nascimento, Wouber Hérickson de Brito Vieira	1466-853X	0	4.5	0.873	A3	2020-12-25	2020-12-25	2021-01	10.1016/j.ptsp.2020.11.015	2022-03-31	2021-01	78	e4	10.1016	Elsevier BV	1	Crossref	0	0	0	journal-article	47	en	Physical Therapy in Sport	NA	NA	NA	NA	NA	NA
Physical performance testing in post-COVID-19 patients: protocol for a systematic review of psychometric measurement properties	NA	http://dx.doi.org/10.1136/bmjopen-2022-067392	NA	BMJ Open	NA	NA	NA	2023	NA	NA	NA	NA	NA	NA	NA	NA	NA	NA	NA	NA	NA	NA	Larissa Fernanda Estevam do Nascimento, Luciana Andrade Mendes, Rodrigo Torres-Castro, Guilherme AF Fregonezi, Elena Gimeno-Santos, J Vilaró, Vanessa R Resqueti	2044-6055,2044-6055	0	4.4	0.971	A1	2023-04-13	2023-04-13	2023-04	10.1136/bmjopen-2022-067392	2023-04-14	2023-04	239	e067392	10.1136	BMJ	1	Crossref	41	41	0	journal-article	13	en	BMJ Open	2023-04-13	4	http://dx.doi.org/10.1136/crossmarkpolicy	NA	NA	NA
Radiofrequency us and overdiagnosis of atherosclerosis in individuals with psoriatric arthritis	NA	http://dx.doi.org/10.1590/1806-9282.20230182	NA	Revista da Associação Médica Brasileira	NA	NA	NA	2023	NA	NA	NA	NA	NA	NA	NA	NA	NA	NA	NA	NA	NA	NA	Jeisiane Acsa Santos do Nascimento, Nayara Ribeiro Máximo de Almeida, Francisco Costa da Rocha, Johnnatas Mikael Lopes, Marcello Barbosa Otoni Gonçalves Guedes	1806-9282,0104-4230	0	2.1	0.314	B1	2023-07-17	2023-07-17	NA	10.1590/1806-9282.20230182	2023-07-18	2023	530	NA	10.1590	FapUNIFESP (SciELO)	1	Crossref	4	4	0	journal-article	69	NA	Rev. Assoc. Med. Bras.	2023	7	NA	NA	NA	NA
RESENHA: COVID-19 E O CUIDADO DE IDOSOS: RECOMENDAÇÕES PARA INSTITUIÇÕES DE LONGA PERMANÊNCIA	NA	http://dx.doi.org/10.22456/2316-2171.106651	NA	Estudos Interdisciplinares sobre o Envelhecimento	NA	NA	NA	2021	NA	NA	NA	NA	NA	NA	NA	NA	NA	NA	NA	NA	NA	NA	Bartolomeu Fagundes de Lima Filho, Nathalia Priscilla Oliveira Silva Bessa, Fabricia Azevêdo da Costa Cavalcanti	2316-2171,1517-2473	0	NA	NA	A3	2021-12-30	2021-12-30	NA	10.22456/2316-2171.106651	2022-04-06	2021-12-28	9749	NA	10.22456	Universidade Federal do Rio Grande do Sul	1	Crossref	0	0	0	journal-article	26	NA	Estud. interdiscip. envelhec.	2021-12-28	2	NA	NA	NA	NA
TELESSAÚDE E IDOSOS DIABÉTICOS: NARRATIVA DE ASPECTOS EDUCACIONAIS SOBRE A COVID-19	NA	http://dx.doi.org/10.21527/2176-7114.2021.43.10922	NA	Revista Contexto &amp; Saúde	NA	NA	NA	2021	NA	NA	NA	NA	NA	NA	NA	NA	NA	NA	NA	NA	NA	NA	Nathalia Priscilla Oliveira Silva Bessa, Bartolomeu Fagundes de Lima Filho, Rachel Naara Silva de Souza, Ana Clara Teixeira Fernandes, Marcello Barbosa Otoni Gonçalves Guedes, Fabrícia Azevedo da Costa Cavalcanti	2176-7114,1676-188X	0	NA	NA	A4	2021-10-04	2021-10-04	NA	10.21527/2176-7114.2021.43.10922	2022-03-30	2021-10-04	8974	201-213	10.21527	Editora Unijui	1	Crossref	0	0	0	journal-article	21	NA	Rev. Cont. Saúde	2021-10-04	43	NA	TELEHEALTH AND DIABETIC ELDERLY: NARRATIVE OF EDUCATIONAL ASPECTS ABOUT COVID-19	NA	NA
Total Hemoglobin Trajectories from Pregnancy to Postpartum in Rural Northeast Brazil: Differences between Adolescent and Adult Women	NA	http://dx.doi.org/10.3390/ijerph19073897	NA	International Journal of Environmental Research and Public Health	NA	NA	NA	2022	NA	NA	NA	NA	NA	NA	NA	NA	NA	NA	NA	NA	NA	NA	Raí Nabichedí da Silva, Catherine M. Pirkle, Tetine Sentell, Nicole Kahielani Peltzer, Yan Yan Wu, Marlos R. Domingues, Saionara M. A. Câmara	1660-4601	0	5.4	0.808	A1	2022-03-25	2022-03-25	NA	10.3390/ijerph19073897	2022-03-29	2022-03-25	1968	3897	10.3390	MDPI AG	1	Crossref	32	32	0	journal-article	19	en	IJERPH	2022-03-25	7	NA	NA	NA	NA
Transfer of Learning from a Virtual Table Tennis Game to Drinking from a Glass Task in Stroke Patients	NA	http://dx.doi.org/10.5812/mejrh.106824	NA	Middle East Journal of Rehabilitation and Health Studies	NA	NA	NA	2021	NA	NA	NA	NA	NA	NA	NA	NA	NA	NA	NA	NA	NA	NA	Jacilda Oliveira Passos, Deyvson Paiva Brito, Debora Carvalho Oliveira, Lorenna Raquel Dantas de Macedo Borges, Pedro Passos, Aline Braga Galvao Silveira Fernandes, Tania Fernandes Campos	2423-4451	0	0.5	0.164	B2	2021-05-22	2023-11-04	NA	10.5812/mejrh.106824	2023-11-04	2021-05-22	3819	NA	10.5812	Briefland	1	Crossref	23	23	0	journal-article	8	NA	Middle East J Rehabil Health Stud	2021-05-22	3	http://dx.doi.org/10.5812/crossmark_update_policy	NA	NA	NA
Usability of exergames as a home-based balance training tool for older adults: protocol for a systematic review	NA	http://dx.doi.org/10.1136/bmjopen-2022-069567	NA	BMJ Open	NA	NA	NA	2023	NA	NA	NA	NA	NA	NA	NA	NA	NA	NA	NA	NA	NA	NA	Candice Simões Pimenta de Medeiros, Jaiana Xavier Santos, Daniela Ramirez Restrepo, Luanna Barbara Araújo Farias, Thaiana Barbosa Ferreira Pacheco, Fabrícia Azevêdo da Costa Cavalcanti	2044-6055,2044-6055	0	4.4	0.971	A1	2023-04-05	2023-05-02	2023-04	10.1136/bmjopen-2022-069567	2023-05-03	2023-04	239	e069567	10.1136	BMJ	1	Crossref	19	19	0	journal-article	13	en	BMJ Open	2023-04-05	4	http://dx.doi.org/10.1136/crossmarkpolicy	NA	NA	NA
Use of radiofrequency for the treatment of urinary incontinence in women: a systematic review	NA	http://dx.doi.org/10.1590/1806-9282.20210266	NA	Revista da Associação Médica Brasileira	NA	NA	NA	2021	NA	NA	NA	NA	NA	NA	NA	NA	NA	NA	NA	NA	NA	NA	Fernanda Catarina Ribeiro, Maria Letícia Araújo Silva, Maria Amélia Pires Soares da Silva, Guilherme Pertinni de Morais Gouveia, Laiane Santos Eufrásio, Maria Thereza Albuquerque Barbosa Cabral Micussi	1806-9282,0104-4230	0	2.1	0.314	B1	2021-12-15	2021-12-15	NA	10.1590/1806-9282.20210266	2024-05-14	2021-12	530	1857-1862	10.1590	FapUNIFESP (SciELO)	1	Crossref	21	21	1	journal-article	67	NA	Rev. Assoc. Med. Bras.	2021-12	12	NA	NA	NA	NA
Validity and reliability of the lederman Prenatal Self-Evaluation Questionnaire (PSEQ) in Brazil	NA	http://dx.doi.org/10.1186/s12884-021-03959-3	NA	BMC Pregnancy and Childbirth	NA	NA	NA	2021	NA	NA	NA	NA	NA	NA	NA	NA	NA	NA	NA	NA	NA	NA	Janiny Lima e Silva, Matheus de Sousa Mata, Saionara Maria Aires Câmara, Íris do Céu Clara Costa, Kleyton Santos de Medeiros, Ricardo Ney Cobucci, Ana Katherine Gonçalves	1471-2393	0	4.6	1.057	A1	2021-07-02	2021-07-02	2021-12	10.1186/s12884-021-03959-3	2024-05-21	2021-07-02	297	NA	10.1186	Springer Science and Business Media LLC	1	Crossref	43	43	3	journal-article	21	en	BMC Pregnancy Childbirth	2021-07-02	1	http://dx.doi.org/10.1007/springer_crossmark_policy	NA	NA	NA
